--------------------------------------------------------
--  File created - Monday-April-22-2024   
--------------------------------------------------------
--------------------------------------------------------
--  DDL for Table CAST
--------------------------------------------------------

  CREATE TABLE "PROJECT"."CAST" 
   (	"CHAR_NAME" VARCHAR2(25 BYTE), 
	"M_ID" NUMBER(*,0), 
	"PER_SSN" NUMBER(*,0), 
	"ROLE_ID" NUMBER(*,0), 
	"SALARY" NUMBER(10,2)
   ) SEGMENT CREATION IMMEDIATE 
  PCTFREE 10 PCTUSED 40 INITRANS 1 MAXTRANS 255 
 NOCOMPRESS LOGGING
  STORAGE(INITIAL 65536 NEXT 1048576 MINEXTENTS 1 MAXEXTENTS 2147483645
  PCTINCREASE 0 FREELISTS 1 FREELIST GROUPS 1
  BUFFER_POOL DEFAULT FLASH_CACHE DEFAULT CELL_FLASH_CACHE DEFAULT)
  TABLESPACE "USERS" ;
--------------------------------------------------------
--  DDL for Table CATEGORY
--------------------------------------------------------

  CREATE TABLE "PROJECT"."CATEGORY" 
   (	"CAT_ID" NUMBER(*,0), 
	"CAT_NAME" VARCHAR2(15 BYTE)
   ) SEGMENT CREATION IMMEDIATE 
  PCTFREE 10 PCTUSED 40 INITRANS 1 MAXTRANS 255 
 NOCOMPRESS LOGGING
  STORAGE(INITIAL 65536 NEXT 1048576 MINEXTENTS 1 MAXEXTENTS 2147483645
  PCTINCREASE 0 FREELISTS 1 FREELIST GROUPS 1
  BUFFER_POOL DEFAULT FLASH_CACHE DEFAULT CELL_FLASH_CACHE DEFAULT)
  TABLESPACE "USERS" ;
--------------------------------------------------------
--  DDL for Table MOVIE
--------------------------------------------------------

  CREATE TABLE "PROJECT"."MOVIE" 
   (	"M_ID" NUMBER(*,0), 
	"M_TITLE" VARCHAR2(50 BYTE), 
	"M_DATE" DATE, 
	"M_SYNOPSIS" VARCHAR2(30 BYTE), 
	"M_LENGTH" VARCHAR2(10 BYTE), 
	"RATING_ID" NUMBER(*,0), 
	"CAT_ID" NUMBER(*,0)
   ) SEGMENT CREATION IMMEDIATE 
  PCTFREE 10 PCTUSED 40 INITRANS 1 MAXTRANS 255 
 NOCOMPRESS LOGGING
  STORAGE(INITIAL 65536 NEXT 1048576 MINEXTENTS 1 MAXEXTENTS 2147483645
  PCTINCREASE 0 FREELISTS 1 FREELIST GROUPS 1
  BUFFER_POOL DEFAULT FLASH_CACHE DEFAULT CELL_FLASH_CACHE DEFAULT)
  TABLESPACE "USERS" ;
--------------------------------------------------------
--  DDL for Table PERSON
--------------------------------------------------------

  CREATE TABLE "PROJECT"."PERSON" 
   (	"PER_SSN" NUMBER(*,0), 
	"PER_FNAME" VARCHAR2(30 BYTE), 
	"PER_LNAME" VARCHAR2(30 BYTE), 
	"PER_DOB" DATE, 
	"PER_GENDER" VARCHAR2(10 BYTE)
   ) SEGMENT CREATION IMMEDIATE 
  PCTFREE 10 PCTUSED 40 INITRANS 1 MAXTRANS 255 
 NOCOMPRESS LOGGING
  STORAGE(INITIAL 65536 NEXT 1048576 MINEXTENTS 1 MAXEXTENTS 2147483645
  PCTINCREASE 0 FREELISTS 1 FREELIST GROUPS 1
  BUFFER_POOL DEFAULT FLASH_CACHE DEFAULT CELL_FLASH_CACHE DEFAULT)
  TABLESPACE "USERS" ;
--------------------------------------------------------
--  DDL for Table RATING
--------------------------------------------------------

  CREATE TABLE "PROJECT"."RATING" 
   (	"RATING_ID" NUMBER(*,0), 
	"RATING_NAME" VARCHAR2(10 BYTE)
   ) SEGMENT CREATION IMMEDIATE 
  PCTFREE 10 PCTUSED 40 INITRANS 1 MAXTRANS 255 
 NOCOMPRESS LOGGING
  STORAGE(INITIAL 65536 NEXT 1048576 MINEXTENTS 1 MAXEXTENTS 2147483645
  PCTINCREASE 0 FREELISTS 1 FREELIST GROUPS 1
  BUFFER_POOL DEFAULT FLASH_CACHE DEFAULT CELL_FLASH_CACHE DEFAULT)
  TABLESPACE "USERS" ;
--------------------------------------------------------
--  DDL for Table ROLE
--------------------------------------------------------

  CREATE TABLE "PROJECT"."ROLE" 
   (	"ROLE_ID" NUMBER(*,0), 
	"ROLE_NAME" VARCHAR2(15 BYTE)
   ) SEGMENT CREATION IMMEDIATE 
  PCTFREE 10 PCTUSED 40 INITRANS 1 MAXTRANS 255 
 NOCOMPRESS LOGGING
  STORAGE(INITIAL 65536 NEXT 1048576 MINEXTENTS 1 MAXEXTENTS 2147483645
  PCTINCREASE 0 FREELISTS 1 FREELIST GROUPS 1
  BUFFER_POOL DEFAULT FLASH_CACHE DEFAULT CELL_FLASH_CACHE DEFAULT)
  TABLESPACE "USERS" ;
--------------------------------------------------------
--  DDL for Table SCREENING
--------------------------------------------------------

  CREATE TABLE "PROJECT"."SCREENING" 
   (	"T_ID" NUMBER(*,0), 
	"M_ID" NUMBER(*,0), 
	"START_TIME" TIMESTAMP (6), 
	"STATUS" VARCHAR2(20 BYTE)
   ) SEGMENT CREATION IMMEDIATE 
  PCTFREE 10 PCTUSED 40 INITRANS 1 MAXTRANS 255 
 NOCOMPRESS LOGGING
  STORAGE(INITIAL 65536 NEXT 1048576 MINEXTENTS 1 MAXEXTENTS 2147483645
  PCTINCREASE 0 FREELISTS 1 FREELIST GROUPS 1
  BUFFER_POOL DEFAULT FLASH_CACHE DEFAULT CELL_FLASH_CACHE DEFAULT)
  TABLESPACE "USERS" ;
--------------------------------------------------------
--  DDL for Table THEATER
--------------------------------------------------------

  CREATE TABLE "PROJECT"."THEATER" 
   (	"T_ID" NUMBER(*,0), 
	"T_NAME" VARCHAR2(50 BYTE)
   ) SEGMENT CREATION IMMEDIATE 
  PCTFREE 10 PCTUSED 40 INITRANS 1 MAXTRANS 255 
 NOCOMPRESS LOGGING
  STORAGE(INITIAL 65536 NEXT 1048576 MINEXTENTS 1 MAXEXTENTS 2147483645
  PCTINCREASE 0 FREELISTS 1 FREELIST GROUPS 1
  BUFFER_POOL DEFAULT FLASH_CACHE DEFAULT CELL_FLASH_CACHE DEFAULT)
  TABLESPACE "USERS" ;
REM INSERTING into PROJECT.CAST
SET DEFINE OFF;
Insert into PROJECT.CAST (CHAR_NAME,M_ID,PER_SSN,ROLE_ID,SALARY) values ('Tom',100,1111,1,55800);
Insert into PROJECT.CAST (CHAR_NAME,M_ID,PER_SSN,ROLE_ID,SALARY) values ('Conan',101,1112,2,125750);
Insert into PROJECT.CAST (CHAR_NAME,M_ID,PER_SSN,ROLE_ID,SALARY) values ('Fera',102,1113,2,300000);
Insert into PROJECT.CAST (CHAR_NAME,M_ID,PER_SSN,ROLE_ID,SALARY) values ('Mary',102,1114,1,78999);
Insert into PROJECT.CAST (CHAR_NAME,M_ID,PER_SSN,ROLE_ID,SALARY) values ('Captain',102,1115,4,89500);
Insert into PROJECT.CAST (CHAR_NAME,M_ID,PER_SSN,ROLE_ID,SALARY) values ('Rachel',100,1116,1,175000);
Insert into PROJECT.CAST (CHAR_NAME,M_ID,PER_SSN,ROLE_ID,SALARY) values ('Bossman',100,1117,4,439000);
REM INSERTING into PROJECT.CATEGORY
SET DEFINE OFF;
Insert into PROJECT.CATEGORY (CAT_ID,CAT_NAME) values (1,'Action');
Insert into PROJECT.CATEGORY (CAT_ID,CAT_NAME) values (2,'Animation');
Insert into PROJECT.CATEGORY (CAT_ID,CAT_NAME) values (3,'Comedy');
Insert into PROJECT.CATEGORY (CAT_ID,CAT_NAME) values (4,'Drama');
Insert into PROJECT.CATEGORY (CAT_ID,CAT_NAME) values (5,'Family');
Insert into PROJECT.CATEGORY (CAT_ID,CAT_NAME) values (6,'Horror');
Insert into PROJECT.CATEGORY (CAT_ID,CAT_NAME) values (7,'Romance');
Insert into PROJECT.CATEGORY (CAT_ID,CAT_NAME) values (8,'Fantasy');
REM INSERTING into PROJECT.MOVIE
SET DEFINE OFF;
Insert into PROJECT.MOVIE (M_ID,M_TITLE,M_DATE,M_SYNOPSIS,M_LENGTH,RATING_ID,CAT_ID) values (100,'The Dark Knight',to_date('18-JUL-08','DD-MON-RR'),'The Dark Knight ','120',1,1);
Insert into PROJECT.MOVIE (M_ID,M_TITLE,M_DATE,M_SYNOPSIS,M_LENGTH,RATING_ID,CAT_ID) values (101,'WALL-E',to_date('10-JUL-08','DD-MON-RR'),'WALL-E','125',2,2);
Insert into PROJECT.MOVIE (M_ID,M_TITLE,M_DATE,M_SYNOPSIS,M_LENGTH,RATING_ID,CAT_ID) values (102,'Hellboy II',to_date('13-JUL-08','DD-MON-RR'),'Hellboy II','110',4,1);
Insert into PROJECT.MOVIE (M_ID,M_TITLE,M_DATE,M_SYNOPSIS,M_LENGTH,RATING_ID,CAT_ID) values (103,'Kung Fu Panda',to_date('11-JUL-08','DD-MON-RR'),'Kung Fu Panda','95',4,6);
Insert into PROJECT.MOVIE (M_ID,M_TITLE,M_DATE,M_SYNOPSIS,M_LENGTH,RATING_ID,CAT_ID) values (205,'Monkey Man',to_date('24-APR-24','DD-MON-RR'),'Monkey Man','113',1,1);
Insert into PROJECT.MOVIE (M_ID,M_TITLE,M_DATE,M_SYNOPSIS,M_LENGTH,RATING_ID,CAT_ID) values (300,'The Holdovers',to_date('01-MAR-24','DD-MON-RR'),'The Holdovers','148',4,3);
Insert into PROJECT.MOVIE (M_ID,M_TITLE,M_DATE,M_SYNOPSIS,M_LENGTH,RATING_ID,CAT_ID) values (201,'Dune 2',to_date('01-MAR-24','DD-MON-RR'),'Dune part 2','166',4,1);
Insert into PROJECT.MOVIE (M_ID,M_TITLE,M_DATE,M_SYNOPSIS,M_LENGTH,RATING_ID,CAT_ID) values (104,'Iron Claw',to_date('22-DEC-23','DD-MON-RR'),'Iron Claw','157',4,4);
REM INSERTING into PROJECT.PERSON
SET DEFINE OFF;
Insert into PROJECT.PERSON (PER_SSN,PER_FNAME,PER_LNAME,PER_DOB,PER_GENDER) values (1111,'John','Hurt',to_date('11-JAN-82','DD-MON-RR'),'Male');
Insert into PROJECT.PERSON (PER_SSN,PER_FNAME,PER_LNAME,PER_DOB,PER_GENDER) values (1112,'Mike','Kelly',to_date('09-JAN-93','DD-MON-RR'),'Male');
Insert into PROJECT.PERSON (PER_SSN,PER_FNAME,PER_LNAME,PER_DOB,PER_GENDER) values (1113,'John','Ratzenberger',to_date('03-JAN-85','DD-MON-RR'),'Male');
Insert into PROJECT.PERSON (PER_SSN,PER_FNAME,PER_LNAME,PER_DOB,PER_GENDER) values (1114,'Sigourney','Weaver',to_date('17-JAN-73','DD-MON-RR'),'Female');
Insert into PROJECT.PERSON (PER_SSN,PER_FNAME,PER_LNAME,PER_DOB,PER_GENDER) values (1115,'Kathy','Najimy',to_date('08-DEC-65','DD-MON-RR'),'Female');
Insert into PROJECT.PERSON (PER_SSN,PER_FNAME,PER_LNAME,PER_DOB,PER_GENDER) values (1116,'Selma','Blair',to_date('19-MAY-89','DD-MON-RR'),'Female');
Insert into PROJECT.PERSON (PER_SSN,PER_FNAME,PER_LNAME,PER_DOB,PER_GENDER) values (1117,'Christopher','Nolan',to_date('30-JUL-70','DD-MON-RR'),'Male');
REM INSERTING into PROJECT.RATING
SET DEFINE OFF;
Insert into PROJECT.RATING (RATING_ID,RATING_NAME) values (1,'R');
Insert into PROJECT.RATING (RATING_ID,RATING_NAME) values (2,'G');
Insert into PROJECT.RATING (RATING_ID,RATING_NAME) values (3,'PG');
Insert into PROJECT.RATING (RATING_ID,RATING_NAME) values (4,'PG-13');
REM INSERTING into PROJECT.ROLE
SET DEFINE OFF;
Insert into PROJECT.ROLE (ROLE_ID,ROLE_NAME) values (1,'Actor');
Insert into PROJECT.ROLE (ROLE_ID,ROLE_NAME) values (2,'Director');
Insert into PROJECT.ROLE (ROLE_ID,ROLE_NAME) values (3,'Writer');
Insert into PROJECT.ROLE (ROLE_ID,ROLE_NAME) values (4,'Producer');
REM INSERTING into PROJECT.SCREENING
SET DEFINE OFF;
Insert into PROJECT.SCREENING (T_ID,M_ID,START_TIME,STATUS) values (2,300,to_timestamp('10-APR-24 06.34.00.000000000 PM','DD-MON-RR HH.MI.SSXFF AM'),'Screened');
Insert into PROJECT.SCREENING (T_ID,M_ID,START_TIME,STATUS) values (5,300,to_timestamp('10-APR-24 06.34.00.000000000 PM','DD-MON-RR HH.MI.SSXFF AM'),'Screened');
Insert into PROJECT.SCREENING (T_ID,M_ID,START_TIME,STATUS) values (1,100,to_timestamp('11-APR-24 11.41.00.000000000 AM','DD-MON-RR HH.MI.SSXFF AM'),'Screened');
Insert into PROJECT.SCREENING (T_ID,M_ID,START_TIME,STATUS) values (2,100,to_timestamp('11-APR-24 11.41.00.000000000 AM','DD-MON-RR HH.MI.SSXFF AM'),'Coming Soon');
Insert into PROJECT.SCREENING (T_ID,M_ID,START_TIME,STATUS) values (3,104,to_timestamp('10-APR-24 05.53.00.000000000 PM','DD-MON-RR HH.MI.SSXFF AM'),'Coming Soon');
Insert into PROJECT.SCREENING (T_ID,M_ID,START_TIME,STATUS) values (5,104,to_timestamp('10-APR-24 05.53.00.000000000 PM','DD-MON-RR HH.MI.SSXFF AM'),'Screened');
REM INSERTING into PROJECT.THEATER
SET DEFINE OFF;
Insert into PROJECT.THEATER (T_ID,T_NAME) values (1,'Meadow Brook Amphitheatre');
Insert into PROJECT.THEATER (T_ID,T_NAME) values (2,'Emagine');
Insert into PROJECT.THEATER (T_ID,T_NAME) values (3,'IMAX');
Insert into PROJECT.THEATER (T_ID,T_NAME) values (4,'AMC Forum 30');
Insert into PROJECT.THEATER (T_ID,T_NAME) values (5,'MJR Troy Grand Cinema 16');
--------------------------------------------------------
--  DDL for Index SYS_C007423
--------------------------------------------------------

  CREATE UNIQUE INDEX "PROJECT"."SYS_C007423" ON "PROJECT"."CATEGORY" ("CAT_ID") 
  PCTFREE 10 INITRANS 2 MAXTRANS 255 COMPUTE STATISTICS 
  STORAGE(INITIAL 65536 NEXT 1048576 MINEXTENTS 1 MAXEXTENTS 2147483645
  PCTINCREASE 0 FREELISTS 1 FREELIST GROUPS 1
  BUFFER_POOL DEFAULT FLASH_CACHE DEFAULT CELL_FLASH_CACHE DEFAULT)
  TABLESPACE "USERS" ;
--------------------------------------------------------
--  DDL for Index SYS_C007426
--------------------------------------------------------

  CREATE UNIQUE INDEX "PROJECT"."SYS_C007426" ON "PROJECT"."MOVIE" ("M_ID") 
  PCTFREE 10 INITRANS 2 MAXTRANS 255 COMPUTE STATISTICS 
  STORAGE(INITIAL 65536 NEXT 1048576 MINEXTENTS 1 MAXEXTENTS 2147483645
  PCTINCREASE 0 FREELISTS 1 FREELIST GROUPS 1
  BUFFER_POOL DEFAULT FLASH_CACHE DEFAULT CELL_FLASH_CACHE DEFAULT)
  TABLESPACE "USERS" ;
--------------------------------------------------------
--  DDL for Index UNQ_MOV_SYNOPSIS
--------------------------------------------------------

  CREATE UNIQUE INDEX "PROJECT"."UNQ_MOV_SYNOPSIS" ON "PROJECT"."MOVIE" ("M_SYNOPSIS") 
  PCTFREE 10 INITRANS 2 MAXTRANS 255 COMPUTE STATISTICS 
  STORAGE(INITIAL 65536 NEXT 1048576 MINEXTENTS 1 MAXEXTENTS 2147483645
  PCTINCREASE 0 FREELISTS 1 FREELIST GROUPS 1
  BUFFER_POOL DEFAULT FLASH_CACHE DEFAULT CELL_FLASH_CACHE DEFAULT)
  TABLESPACE "USERS" ;
--------------------------------------------------------
--  DDL for Index IDX_MTITLE
--------------------------------------------------------

  CREATE INDEX "PROJECT"."IDX_MTITLE" ON "PROJECT"."MOVIE" ("M_TITLE") 
  PCTFREE 10 INITRANS 2 MAXTRANS 255 COMPUTE STATISTICS 
  STORAGE(INITIAL 65536 NEXT 1048576 MINEXTENTS 1 MAXEXTENTS 2147483645
  PCTINCREASE 0 FREELISTS 1 FREELIST GROUPS 1
  BUFFER_POOL DEFAULT FLASH_CACHE DEFAULT CELL_FLASH_CACHE DEFAULT)
  TABLESPACE "USERS" ;
--------------------------------------------------------
--  DDL for Index SYS_C007433
--------------------------------------------------------

  CREATE UNIQUE INDEX "PROJECT"."SYS_C007433" ON "PROJECT"."PERSON" ("PER_SSN") 
  PCTFREE 10 INITRANS 2 MAXTRANS 255 COMPUTE STATISTICS 
  STORAGE(INITIAL 65536 NEXT 1048576 MINEXTENTS 1 MAXEXTENTS 2147483645
  PCTINCREASE 0 FREELISTS 1 FREELIST GROUPS 1
  BUFFER_POOL DEFAULT FLASH_CACHE DEFAULT CELL_FLASH_CACHE DEFAULT)
  TABLESPACE "USERS" ;
--------------------------------------------------------
--  DDL for Index IDX_PNAME
--------------------------------------------------------

  CREATE INDEX "PROJECT"."IDX_PNAME" ON "PROJECT"."PERSON" ("PER_FNAME") 
  PCTFREE 10 INITRANS 2 MAXTRANS 255 COMPUTE STATISTICS 
  STORAGE(INITIAL 65536 NEXT 1048576 MINEXTENTS 1 MAXEXTENTS 2147483645
  PCTINCREASE 0 FREELISTS 1 FREELIST GROUPS 1
  BUFFER_POOL DEFAULT FLASH_CACHE DEFAULT CELL_FLASH_CACHE DEFAULT)
  TABLESPACE "USERS" ;
--------------------------------------------------------
--  DDL for Index SYS_C007422
--------------------------------------------------------

  CREATE UNIQUE INDEX "PROJECT"."SYS_C007422" ON "PROJECT"."RATING" ("RATING_ID") 
  PCTFREE 10 INITRANS 2 MAXTRANS 255 COMPUTE STATISTICS 
  STORAGE(INITIAL 65536 NEXT 1048576 MINEXTENTS 1 MAXEXTENTS 2147483645
  PCTINCREASE 0 FREELISTS 1 FREELIST GROUPS 1
  BUFFER_POOL DEFAULT FLASH_CACHE DEFAULT CELL_FLASH_CACHE DEFAULT)
  TABLESPACE "USERS" ;
--------------------------------------------------------
--  DDL for Index SYS_C007431
--------------------------------------------------------

  CREATE UNIQUE INDEX "PROJECT"."SYS_C007431" ON "PROJECT"."ROLE" ("ROLE_ID") 
  PCTFREE 10 INITRANS 2 MAXTRANS 255 COMPUTE STATISTICS 
  STORAGE(INITIAL 65536 NEXT 1048576 MINEXTENTS 1 MAXEXTENTS 2147483645
  PCTINCREASE 0 FREELISTS 1 FREELIST GROUPS 1
  BUFFER_POOL DEFAULT FLASH_CACHE DEFAULT CELL_FLASH_CACHE DEFAULT)
  TABLESPACE "USERS" ;
--------------------------------------------------------
--  DDL for Index THEATER_PK
--------------------------------------------------------

  CREATE UNIQUE INDEX "PROJECT"."THEATER_PK" ON "PROJECT"."THEATER" ("T_ID") 
  PCTFREE 10 INITRANS 2 MAXTRANS 255 COMPUTE STATISTICS 
  STORAGE(INITIAL 65536 NEXT 1048576 MINEXTENTS 1 MAXEXTENTS 2147483645
  PCTINCREASE 0 FREELISTS 1 FREELIST GROUPS 1
  BUFFER_POOL DEFAULT FLASH_CACHE DEFAULT CELL_FLASH_CACHE DEFAULT)
  TABLESPACE "USERS" ;
--------------------------------------------------------
--  Constraints for Table CATEGORY
--------------------------------------------------------

  ALTER TABLE "PROJECT"."CATEGORY" ADD PRIMARY KEY ("CAT_ID")
  USING INDEX PCTFREE 10 INITRANS 2 MAXTRANS 255 COMPUTE STATISTICS 
  STORAGE(INITIAL 65536 NEXT 1048576 MINEXTENTS 1 MAXEXTENTS 2147483645
  PCTINCREASE 0 FREELISTS 1 FREELIST GROUPS 1
  BUFFER_POOL DEFAULT FLASH_CACHE DEFAULT CELL_FLASH_CACHE DEFAULT)
  TABLESPACE "USERS"  ENABLE;
--------------------------------------------------------
--  Constraints for Table MOVIE
--------------------------------------------------------

  ALTER TABLE "PROJECT"."MOVIE" MODIFY ("M_TITLE" NOT NULL ENABLE);
  ALTER TABLE "PROJECT"."MOVIE" ADD CONSTRAINT "CHK_MOVIE_DATE" CHECK (m_date > '01/JAN/1900') ENABLE;
  ALTER TABLE "PROJECT"."MOVIE" ADD PRIMARY KEY ("M_ID")
  USING INDEX PCTFREE 10 INITRANS 2 MAXTRANS 255 COMPUTE STATISTICS 
  STORAGE(INITIAL 65536 NEXT 1048576 MINEXTENTS 1 MAXEXTENTS 2147483645
  PCTINCREASE 0 FREELISTS 1 FREELIST GROUPS 1
  BUFFER_POOL DEFAULT FLASH_CACHE DEFAULT CELL_FLASH_CACHE DEFAULT)
  TABLESPACE "USERS"  ENABLE;
  ALTER TABLE "PROJECT"."MOVIE" ADD CONSTRAINT "UNQ_MOV_SYNOPSIS" UNIQUE ("M_SYNOPSIS")
  USING INDEX PCTFREE 10 INITRANS 2 MAXTRANS 255 COMPUTE STATISTICS 
  STORAGE(INITIAL 65536 NEXT 1048576 MINEXTENTS 1 MAXEXTENTS 2147483645
  PCTINCREASE 0 FREELISTS 1 FREELIST GROUPS 1
  BUFFER_POOL DEFAULT FLASH_CACHE DEFAULT CELL_FLASH_CACHE DEFAULT)
  TABLESPACE "USERS"  ENABLE;
--------------------------------------------------------
--  Constraints for Table PERSON
--------------------------------------------------------

  ALTER TABLE "PROJECT"."PERSON" ADD CONSTRAINT "CHK_PER_GENDER" CHECK (per_gender IN ('Male', 'Female')) ENABLE;
  ALTER TABLE "PROJECT"."PERSON" ADD PRIMARY KEY ("PER_SSN")
  USING INDEX PCTFREE 10 INITRANS 2 MAXTRANS 255 COMPUTE STATISTICS 
  STORAGE(INITIAL 65536 NEXT 1048576 MINEXTENTS 1 MAXEXTENTS 2147483645
  PCTINCREASE 0 FREELISTS 1 FREELIST GROUPS 1
  BUFFER_POOL DEFAULT FLASH_CACHE DEFAULT CELL_FLASH_CACHE DEFAULT)
  TABLESPACE "USERS"  ENABLE;
--------------------------------------------------------
--  Constraints for Table RATING
--------------------------------------------------------

  ALTER TABLE "PROJECT"."RATING" ADD CONSTRAINT "CHK_RAT_NAME" CHECK (rating_name IN ('R', 'G', 'PG', 'PG-13')) ENABLE;
  ALTER TABLE "PROJECT"."RATING" ADD PRIMARY KEY ("RATING_ID")
  USING INDEX PCTFREE 10 INITRANS 2 MAXTRANS 255 COMPUTE STATISTICS 
  STORAGE(INITIAL 65536 NEXT 1048576 MINEXTENTS 1 MAXEXTENTS 2147483645
  PCTINCREASE 0 FREELISTS 1 FREELIST GROUPS 1
  BUFFER_POOL DEFAULT FLASH_CACHE DEFAULT CELL_FLASH_CACHE DEFAULT)
  TABLESPACE "USERS"  ENABLE;
--------------------------------------------------------
--  Constraints for Table ROLE
--------------------------------------------------------

  ALTER TABLE "PROJECT"."ROLE" MODIFY ("ROLE_NAME" NOT NULL ENABLE);
  ALTER TABLE "PROJECT"."ROLE" ADD PRIMARY KEY ("ROLE_ID")
  USING INDEX PCTFREE 10 INITRANS 2 MAXTRANS 255 COMPUTE STATISTICS 
  STORAGE(INITIAL 65536 NEXT 1048576 MINEXTENTS 1 MAXEXTENTS 2147483645
  PCTINCREASE 0 FREELISTS 1 FREELIST GROUPS 1
  BUFFER_POOL DEFAULT FLASH_CACHE DEFAULT CELL_FLASH_CACHE DEFAULT)
  TABLESPACE "USERS"  ENABLE;
--------------------------------------------------------
--  Constraints for Table THEATER
--------------------------------------------------------

  ALTER TABLE "PROJECT"."THEATER" MODIFY ("T_ID" NOT NULL ENABLE);
  ALTER TABLE "PROJECT"."THEATER" ADD CONSTRAINT "THEATER_PK" PRIMARY KEY ("T_ID")
  USING INDEX PCTFREE 10 INITRANS 2 MAXTRANS 255 COMPUTE STATISTICS 
  STORAGE(INITIAL 65536 NEXT 1048576 MINEXTENTS 1 MAXEXTENTS 2147483645
  PCTINCREASE 0 FREELISTS 1 FREELIST GROUPS 1
  BUFFER_POOL DEFAULT FLASH_CACHE DEFAULT CELL_FLASH_CACHE DEFAULT)
  TABLESPACE "USERS"  ENABLE;
--------------------------------------------------------
--  Ref Constraints for Table CAST
--------------------------------------------------------

  ALTER TABLE "PROJECT"."CAST" ADD CONSTRAINT "FK_CAS_PER" FOREIGN KEY ("PER_SSN")
	  REFERENCES "PROJECT"."PERSON" ("PER_SSN") ENABLE;
  ALTER TABLE "PROJECT"."CAST" ADD CONSTRAINT "FK_CAS_MOV" FOREIGN KEY ("M_ID")
	  REFERENCES "PROJECT"."MOVIE" ("M_ID") ENABLE;
  ALTER TABLE "PROJECT"."CAST" ADD CONSTRAINT "FK_CAS_ROL" FOREIGN KEY ("ROLE_ID")
	  REFERENCES "PROJECT"."ROLE" ("ROLE_ID") ENABLE;
--------------------------------------------------------
--  Ref Constraints for Table MOVIE
--------------------------------------------------------

  ALTER TABLE "PROJECT"."MOVIE" ADD CONSTRAINT "FK_MOV_RAT" FOREIGN KEY ("RATING_ID")
	  REFERENCES "PROJECT"."RATING" ("RATING_ID") ENABLE;
  ALTER TABLE "PROJECT"."MOVIE" ADD CONSTRAINT "FK_MOV_CAT" FOREIGN KEY ("CAT_ID")
	  REFERENCES "PROJECT"."CATEGORY" ("CAT_ID") ENABLE;
--------------------------------------------------------
--  Ref Constraints for Table SCREENING
--------------------------------------------------------

  ALTER TABLE "PROJECT"."SCREENING" ADD CONSTRAINT "FK_SCR_THE" FOREIGN KEY ("T_ID")
	  REFERENCES "PROJECT"."THEATER" ("T_ID") ENABLE;
  ALTER TABLE "PROJECT"."SCREENING" ADD CONSTRAINT "FK_SCR_MOV" FOREIGN KEY ("M_ID")
	  REFERENCES "PROJECT"."MOVIE" ("M_ID") ENABLE;
